Index,ColorHex,ColorName,ColorHex_Clean_Upper,ColorHex_Clean_Lower
0,FF080808,Metallic Black,#080808,#080808
1,FF0F0F0F,Metallic Graphite Black,#0F0F0F,#0f0f0f
2,FF1C1E21,Metallic Black Steal,#1C1E21,#1c1e21
3,FF292C2E,Metallic Dark Silver,#292C2E,#292c2e
4,FF5A5E66,Metallic Silver,#5A5E66,#5a5e66
5,FF777C87,Metallic Blue Silver,#777C87,#777c87
6,FF515459,Metallic Steel Gray,#515459,#515459
7,FF323B47,Metallic Shadow Silver,#323B47,#323b47
8,FF333333,Metallic Stone Silver,#333333,#333333
9,FF1F2226,Metallic Midnight Silver,#1F2226,#1f2226
10,FF23292E,Metallic Gun Metal,#23292E,#23292e
11,FF121110,Metallic Anthracite Grey,#121110,#121110
12,FF050505,Matte Black,#050505,#050505
13,FF121212,Matte Gray,#121212,#121212
14,FF2F3233,Matte Light Grey,#2F3233,#2f3233
15,FF080808,Util Black,#080808,#080808
16,FF121212,Util Black Poly,#121212,#121212
17,FF202224,Util Dark silver,#202224,#202224
18,FF575961,Util Silver,#575961,#575961
19,FF23292E,Util Gun Metal,#23292E,#23292e
20,FF323B47,Util Shadow Silver,#323B47,#323b47
21,FF0F1012,Worn Black,#0F1012,#0f1012
22,FF212121,Worn Graphite,#212121,#212121
23,FF5B5D5E,Worn Silver Grey,#5B5D5E,#5b5d5e
24,FF888A99,Worn Silver,#888A99,#888a99
25,FF697187,Worn Blue Silver,#697187,#697187
26,FF3B4654,Worn Shadow Silver,#3B4654,#3b4654
27,FF690000,Metallic Red,#690000,#690000
28,FF8A0B00,Metallic Torino Red,#8A0B00,#8a0b00
29,FF6B0000,Metallic Formula Red,#6B0000,#6b0000
30,FF611009,Metallic Blaze Red,#611009,#611009
31,FF4A0A0A,Metallic Graceful Red,#4A0A0A,#4a0a0a
32,FF470E0E,Metallic Garnet Red,#470E0E,#470e0e
33,FF380C00,Metallic Desert Red,#380C00,#380c00
34,FF26030B,Metallic Cabernet Red,#26030B,#26030b
35,FF630012,Metallic Candy Red,#630012,#630012
36,FF802800,Metallic Sunrise Orange,#802800,#802800
37,FF6E4F2D,Metallic Classic Gold,#6E4F2D,#6e4f2d
38,FFBD4800,Metallic Orange,#BD4800,#bd4800
39,FF780000,Matte Red,#780000,#780000
40,FF360000,Matte Dark Red,#360000,#360000
41,FFAB3F00,Matte Orange,#AB3F00,#ab3f00
42,FFDE7E00,Matte Yellow,#DE7E00,#de7e00
43,FF520000,Util Red,#520000,#520000
44,FF8C0404,Util Bright Red,#8C0404,#8c0404
45,FF4A1000,Util Garnet Red,#4A1000,#4a1000
46,FF592525,Worn Red,#592525,#592525
47,FF754231,Worn Golden Red,#754231,#754231
48,FF210804,Worn Dark Red,#210804,#210804
49,FF001207,Metallic Dark Green,#001207,#001207
50,FF001A0B,Metallic Racing Green,#001A0B,#001a0b
51,FF00211E,Metallic Sea Green,#00211E,#00211e
52,FF1F261E,Metallic Olive Green,#1F261E,#1f261e
53,FF003805,Metallic Green,#003805,#003805
54,FF0B4145,Metallic Gasoline Blue Green,#0B4145,#0b4145
55,FF418503,Matte Lime Green,#418503,#418503
56,FF0F1F15,Util Dark Green,#0F1F15,#0f1f15
57,FF023613,Util Green,#023613,#023613
58,FF162419,Worn Dark Green,#162419,#162419
59,FF2A3625,Worn Green,#2A3625,#2a3625
60,FF455C56,Worn Sea Wash,#455C56,#455c56
61,FF000D14,Metallic Midnight Blue,#000D14,#000d14
62,FF001029,Metallic Dark Blue,#001029,#001029
63,FF1C2F4F,Metallic Saxony Blue,#1C2F4F,#1c2f4f
64,FF001B57,Metallic Blue,#001B57,#001b57
65,FF3B4E78,Metallic Mariner Blue,#3B4E78,#3b4e78
66,FF272D3B,Metallic Harbor Blue,#272D3B,#272d3b
67,FF95B2DB,Metallic Diamond Blue,#95B2DB,#95b2db
68,FF3E627A,Metallic Surf Blue,#3E627A,#3e627a
69,FF1C3140,Metallic Nautical Blue,#1C3140,#1c3140
70,FF0055C4,Metallic Bright Blue,#0055C4,#0055c4
71,FF1A182E,Metallic Purple Blue,#1A182E,#1a182e
72,FF161629,Metallic Spinnaker Blue,#161629,#161629
73,FF0E316D,Metallic Ultra Blue,#0E316D,#0e316d
74,FF395A83,Metallic Bright Blue,#395A83,#395a83
75,FF09142E,Util Dark Blue,#09142E,#09142e
76,FF0F1021,Util Midnight Blue,#0F1021,#0f1021
77,FF152A52,Util Blue,#152A52,#152a52
78,FF324654,Util Sea Foam Blue,#324654,#324654
79,FF152563,Uil Lightning blue,#152563,#152563
80,FF223BA1,Util Maui Blue Poly,#223BA1,#223ba1
81,FF1F1FA1,Util Bright Blue,#1F1FA1,#1f1fa1
82,FF030E2E,Matte Dark Blue,#030E2E,#030e2e
83,FF0F1E73,Matte Blue,#0F1E73,#0f1e73
84,FF001C32,Matte Midnight Blue,#001C32,#001c32
85,FF2A3754,Worn Dark blue,#2A3754,#2a3754
86,A0303C5E,Worn Blue,#303C5E,#303c5e
87,FF3B6796,Worn Light blue,#3B6796,#3b6796
88,FFF5890F,Metallic Taxi Yellow,#F5890F,#f5890f
89,FFD9A600,Metallic Race Yellow,#D9A600,#d9a600
90,FF4A341B,Metallic Bronze,#4A341B,#4a341b
91,FFA2A827,Metallic Yellow Bird,#A2A827,#a2a827
92,FF568F00,Metallic Lime,#568F00,#568f00
93,FF57514B,Metallic Champagne,#57514B,#57514b
94,FF291B06,Metallic Pueblo Beige,#291B06,#291b06
95,FF262117,Metallic Dark Ivory,#262117,#262117
96,FF120D07,Metallic Choco Brown,#120D07,#120d07
97,FF332111,Metallic Golden Brown,#332111,#332111
98,FF3D3023,Metallic Light Brown,#3D3023,#3d3023
99,FF5E5343,Metallic Straw Beige,#5E5343,#5e5343
100,FF37382B,Metallic Moss Brown,#37382B,#37382b
101,FF221918,Metallic Biston Brown,#221918,#221918
102,FF575036,Metallic Beechwood,#575036,#575036
103,FF241309,Metallic Dark Beechwood,#241309,#241309
104,FF3B1700,Metallic Choco Orange,#3B1700,#3b1700
105,FF6E6246,Metallic Beach Sand,#6E6246,#6e6246
106,FB998D73,Metallic Sun Bleeched Sand,#998D73,#998d73
107,FFCFC0A5,Metallic Cream,#CFC0A5,#cfc0a5
108,FF1F1709,Util Brown,#1F1709,#1f1709
109,FB3D311D,Util Medium Brown,#3D311D,#3d311d
110,FF665847,Util Light Brown,#665847,#665847
111,FFF0F0F0,Metallic White,#F0F0F0,#f0f0f0
112,FFB3B9C9,Metallic Frost White,#B3B9C9,#b3b9c9
113,FF615F55,Worn Honey Beige,#615F55,#615f55
114,FF241E1A,Worn Brown,#241E1A,#241e1a
115,FF171413,Worn Dark Brown,#171413,#171413
116,FF3B372F,Worn straw beige,#3B372F,#3b372f
117,FF3B4045,Brushed Steel,#3B4045,#3b4045
118,FF1A1E21,Brushed Black steel,#1A1E21,#1a1e21
119,FF5E646B,Brushed Aluminium,#5E646B,#5e646b
120,FF000000,Chrome,#000000,#000000
121,FFB0B0B0,Worn Off White,#B0B0B0,#b0b0b0
122,FF999999,Util Off White,#999999,#999999
123,FFB56519,Worn Orange,#B56519,#b56519
124,FFC45C33,Worn Light Orange,#C45C33,#c45c33
125,FF47783C,Metallic Securicor Green,#47783C,#47783c
126,FFBA8425,Worn Taxi Yellow,#BA8425,#ba8425
127,FF2A77A1,police car blue,#2A77A1,#2a77a1
128,FF243022,Matte Green,#243022,#243022
129,FF6B5F54,Matte Brown,#6B5F54,#6b5f54
130,FFC96E34,Worn Orange,#C96E34,#c96e34
131,FFD9D9D9,Matte White,#D9D9D9,#d9d9d9
132,FFF0F0F0,Worn White,#F0F0F0,#f0f0f0
133,FF3F4228,Worn Olive Army Green,#3F4228,#3f4228
134,FFFFFFFF,Pure White,#FFFFFF,#ffffff
135,FFB01259,Hot Pink,#B01259,#b01259
136,F69799,Salmon pink,#F69799,#f69799
137,FF8F2F55,Metallic Vermillion Pink,#8F2F55,#8f2f55
138,C26610,Orange,#C26610,#c26610
139,69BD45,Green,#69BD45,#69bd45
140,00AEEF,Blue,#00AEEF,#00aeef
141,FF000108,Mettalic Black Blue,#000108,#000108
142,FF050008,Metallic Black Purple,#050008,#050008
143,FF080000,Metallic Black Red,#080000,#080000
144,565751,hunter green,#565751,#565751
145,320642,Metallic Purple,#320642,#320642
146,FF00080F,Metaillic V Dark Blue,#00080F,#00080f
147,FF080808,MODSHOP BLACK1,#080808,#080808
148,320642,Matte Purple,#320642,#320642
149,FF050008,Matte Dark Purple,#050008,#050008
150,FF6B0B00,Metallic Lava Red,#6B0B00,#6b0b00
151,FF121710,Matte Forest Green,#121710,#121710
152,FF323325,Matte Olive Drab,#323325,#323325
153,FF3B352D,Matte Desert Brown,#3B352D,#3b352d
154,FF706656,Matte Desert Tan,#706656,#706656
155,FF2B302B,Matte Foilage Green,#2B302B,#2b302b
156,FF414347,DEFAULT ALLOY COLOR,#414347,#414347
157,FF6690B5,Epsilon Blue,#6690B5,#6690b5
158,FF47391B,MP100 GOLD,#47391B,#47391b
159,FF47391B,MP100 GOLD SATIN,#47391B,#47391b
160,FFFFD859,MP100 GOLD SPEC,#FFD859,#ffd859
